{
  "step0_rows": 177,
  "step3_rows": 144,
  "step5_rows": 144,
  "step6_rows": 144,
  "step7_rows": 365,
  "step9a_rows": 365,
  "step11_rows": 365,
  "duration_seconds": 116.488382,
  "timestamp": "2025-12-31T23:49:34.672620"
}