{
  "step0_rows": 177,
  "step3_rows": 148,
  "step5_rows": 148,
  "step6_rows": 148,
  "step7_rows": 597,
  "step9a_rows": 597,
  "step11_rows": 597,
  "duration_seconds": 159.309405,
  "timestamp": "2026-01-09T22:58:39.382830"
}